product,price
American Tactical Imports NOMAD SNGSHT 20 GA 18.5B,$102.00
"CZ-USA CZ 512 American Semi-Automatic .22 MAG 20.5"" 5+1 Turkis",$504.00
"Walther Arms PPQ M2 9mm Navy SD 4.6"" Threaded Barrel 15+1/17+1 ",$630.00
"Thompson/Center Arms Performance Center T/C LRR 6.5Crd 24-25.5""","$1,079.00"
Henry Big Boy Steel .44 MAG Carbine,$705.00
"Weatherby Orion Sporting 12 GA 30"" Ported, Adjustable Comb",$841.00
"Rossi Circuit Judge Tuffy 45LC/.410 18.5"" Black 5 Round",$584.00
MMR PRO 224VAL SS/SYN 18 30RD,$774.00
"Ruger SR1911 Officers Model .45 ACP 3.6"" Stainless 7+1",$822.00
"Springfield Armory Hellcat 9mm 3"" 11+1/13+1 Night Sights",$567.00
RUGER MK-IV TGT .22 LR Pistol 10B,$487.00
CZ-USA CZ 557 Sporter Bolt 7.62 NATO/.308 WIN NATO 20.5 4+1 Fix,$634.00
"Springfield Armory M1A Loaded, Walnut stock, carbon barrel","$1,655.00"
Springfield Armory Range Officer Elite Compact .45 ACP 6+1,$786.00
Springfield Armory RO ELITE 9mm Pistol 9RD,$786.00
"CZ 457 American .22 LR 24.8"" Turkish Walnut 5rd (02310)",$460.00
 ROSSI RS22 22M RFL 21B 10,$227.00
SDS 1911-S .45 ACP 5 8RD STS,$472.00
"Heritage Rough Rider 22 LR/Mag 6.5"" Blued Cocobolo Grip 6 Round",$166.00
Rossi USA .410 GA 3 18.5,$133.00
CVA CR4806S Scout V2 Break Open 45-70 Government 22 Synthetic B,$368.00
"Ruger 3606 SR22 Lady Lilac 10+1 .22 LR 3.5"" TALO Exclusive",$406.00
Springfield Armory XDM OSP 10MM 4.5 Black 15RD,$614.00
Rock Island Armory Traditional Break Open 20 GA 20 3 Polymer Wo,$126.00
Taurus 2692061 692 StandaRound Single/Double Action 38 Special/,$471.00
Arex Delta Black 4in. 17+1,$352.00
"Colt Night Cobra 38sp 2"" Stainless Steel ION Bond Night Sights",$803.00
"American Tactical Imports GSG Firefly .22 LR 4"" 10+1",$226.00
Smith & Wesson M&P15 SPTII 556N OR 30RD Black,$750.00
Bond Arms Roughneck 2.5 9mm,$270.00
"Remington RP9 4.5"" 9mm",$360.00
Henry Golden Boy .22 LR,$455.00
Ruger 10/22 American Farmer II .22 LR 10 ,$457.00
Bond Arms ROUGHNECK DERR 45AP 2.5,$264.00
FA BFS EQUIPPED M4 LOWER BFSIII,$524.00
RUGER MARK IV 22/45 TACTICAL .22 LR,$434.00
CZ-USA Bren 2 Manual Safety AR Pistol .223 REM/5.56 NATO 8.26 3,"$1,730.00"
RUGER MARK IV 22/45 LITE .22 LR,$508.00
Ruger LCRX .357 MAG | .38 Spc,$572.00
"Marlin 1895 Cowboy .45-70 18"" Barrel",$780.00
Springfield Armory XDE 2 MAGS 9MM 3.8 9RD,$481.00
Sig Sauer 9389WTP P938 We The People Single 9mm 3 7+1 CS Distre,$679.99
"Savage 220 SLUG GUN 20 GA 22""",$406.00
AUTO ORDNANCE 1911 A1 5 .45 ACP 45TH PRESIDENT TRUMP PISTOL,"$1,112.00"
"Savage 110 Scout 308 Win 10+1 16.5"" Flat Dark Earth ACU MB",$682.00
Ruger CHARGER LITE .22 LR Synthetic 10 15+1,$498.00
"Sig Sauer P210 Standard 9mm 5\"" Walnut Target Grip 8+1 210A9B","$1,299.99"
Savage MKII-BTVS .22 LR ,$393.00
"Mossberg 702 Plinkster Semi-Auto .22LR 18"" Blued 10+1",$137.00
Rock Island TK104 Traditional Break Open .410 20 3 Polymer Wood,$122.00
Colt CRM16A1 Retro 20 20+1 Semi,"$2,337.00"
"Henry 5 + 1 30-30 Winchester w/Steel Frame/20"" Round Barrel/Ame",$705.00
"Smith & Wesson M43C 8RD .22 LR 1.87""",$615.00
"CZ 457 Scout .22 LR 16.5"" Beechwood Stock 5+1 (02335)",$386.00
"Smith & Wesson M686 6RD 357MAG/38SP +P 6""",$734.00
Savage AXIS II XP 30-06 BUSHNELL,$402.00
"FN HERSTAL 3868929302 Five-seveN 10+1 5.7X28mm 4.75""","$1,099.00"
FN HERSTAL FN 509 Tactical Optic Ready Night Sights 9MM 24+1 Fl,$899.00
"Glock G19 GEN4 9MM COMPACT FXD 4.6"" 15RD TRUMP",$795.00
"Rossi USA .22 MAG BLK/SYN 21"" 5+1",$156.00
Smith & Wesson M&P 45 Shield No Thumb Safety,$455.00
"Mossberg Silver Reserve II Field 12 GA 28"" w/Extractors",$614.00
Kel-Tec CP33 .22 LR Tan 33rnd,$525.00
Kimber Micro 9 9mm 6rd Rosewood 2tn,$616.00
Smith & Wesson M638 38 1 7/8 PINK STAINLESS,$463.00
"Sig Sauer 238380SPARTA P238 Spartan Single .380 ACP (ACP) 2.7""",$759.00
Springfield Armory 911 .380 ACP VINT BLUE/SS 2.7in 7+1,$580.00
Glock 44 G44 .22 LR 10+1 OD Green,$400.00
"Ruger 8301 American Rimfire .22 LR 22""",$307.00
"Kimber Micro 9 KHX 3.15"" 7RD.",$677.00
Henry Repeating Arms GARDEN GUN .22 LR BL/WD 18.5,$377.00
American Tactical Imports 2210M1911G 1911 .22 LR Olive Drab Gre,$297.00
"Tikka T1x MTR .22 LR 20"" Threaded Barrel Synthetic Stock 10+1",$498.00
Standard Manufacting S333 .22 MAG 1.25 Thunderstruck,$377.00
Ruger Precision Rifle 6.5 CRD 24 10+1,"$1,203.00"
"Colt King Cobra .357MAG/.38SPL Stainless Steel 3"" 6RD",$856.00
"Rossi USA R92 Lever Action Carbine 44 Mag 20"" 10+1",$555.00
"Heritage Rough Rider .22 LR 16\"" Adjustable Sights 6 Round",$175.00
"Heritage Rough Rider 6.5"" 1776",$168.00
Walther Arms P22Q .22 LR 3.42 CAMO 10RD,$266.00
Stevens 23221 M301 Turkey .410 GA/.45 LC 26 OD,$166.00
CZ 75 B 9MM OMEGA Black SWAPPABLE SAFE/DECOCKER,$579.00
"Heritage Manufacturing Rough Rider .22 LR 16"" Cocobolo Grips 6 ",$161.00
"Glock - G42, 380 ACP, 3.25"" Barrel, Fixed Sights, Rose Gold, Ro",$552.00
American Tactical Imports NOMAD SNGSHT 12GA 18.5B,$108.00
"Mossberg 500 Retrograde 12 GA 18.5"" Cylinder Bore 5+1 Walnut St",381.0000OUT OF STOCK
"Smith & Wesson M&P9 4"" Compact M2.0 Crimson Trace Light 15rd",$577.00
Sig Sauer 1911 STAND .45 ACP 5 7RD,$890.00
Walther Arms PPQ M2 Q5 MATCH 9MM 5 15+1,$799.00
Savage 64 64FXP Semi-Auto .22 LR Sythetic Scope,$171.00
"Ruger 5719 SP101 KSP-331X 5RD 357MAG/38SP +P 3""",$602.00
Ruger .22 LR SS/SYN 1256,$288.00
Used Surplus Beretta (Italy) 85BB 380acp 8+1,$389.00
Remington 85636 770 SPT BOLT 300MG W/SCOPE,$250.00
Smith & Wesson 10201 VICTORY .22 LR 5.5 10R Threaded Barrel St,$335.00
Smith & Wesson MODEL S&W500,"$1,194.00"
"Smith & Wesson M617 10RD .22 LR 4""",$741.00
GSG GSG-M1911S .22 LR Single ..22 LR (LR) 5,$279.00
Smith & Wesson M&P BODYGUARD BG38 38SPL Crimson Trace GRAY LASE,$480.00
CZ-USA CZ 455 American Synthetic Bolt .22 LR 20.5 5+1 Synthetic,$319.00
"Rossi USA R92 Lever Action Carbine 44 Mag 20"" Blued 10+1",$526.00
Rossi USA .45 LC 20 10RD Blue RND,$525.00
"CZ 457 Varmint MTR .22 LR 20.5"" Turkish Walnut (02345)",$667.00
Taurus R/HUNTER .44 MAG REV 5.125B,$766.00
"FN HERSTAL FNX45 Tactical .45 ACP 5.3"" Night Sights Black 15+1 ",$999.00
"Beretta A300 12GA 3"" 28 MC3 Synthetic",$587.00
COLT 1911C GOVT .45 ACP 5 BLUE SERIES 70,$765.00
Smith & Wesson 150712 686 Plus Deluxe Single/Double Action .357,$771.00
IWI TAVOR 7 BULLPUP .308/7.62 NATO 20RD,"$1,932.00"
Ruger AR556 PIST 350LEG 9.5 5+1,$734.00
SAVAGE 110 ELIT PRE BA .338 LAP 30B,"$1,701.00"
"Henry H006MS Big Boy Silver Lever 357 Magnum/38 Special 20"" 10+",$843.00
Mossberg MVP SCT 16 Ghost Rings 308 Scope 10R,$613.00
Ruger AMERICAN 3006 VORTEX Scope Black,$533.00
Polymer80 P80PFS9BLK G17/22 Gen3 Compatible Pistol Frame Polyme,$118.00
Taurus Raging Hunter 454 Casull 6.75'' Blk/SS,$714.00
CZ-USA 527 7.62X39mm Bolt Action Carbine w/Blued Barrel & Walnu,$684.00
TNW ASR Pistol Dark Earth 9mm with Brace and Handguard,$699.00
Ruger Mark IV Standard .22 LR 6 10+1 40105,$371.00
Remington 700 RECEIVER S/A SINGLE,$372.00
Savage 110 High Country 6.5Creedmoor,$893.00
Savage AXIS XP 6.5 CRD BUSHNELL,$300.00
"Heckler & Koch (H&K) HK45 10+1 .45 ACP 4.53"" V1",$724.00
Smith & Wesson M&P22 .22 LR Compact 3.6 10R BLACK,$345.00
"Smith & Wesson M&P 15-22 SPORT CT, MD, NJ Compliant",$391.00
Walther Arms P22Q Single/Double Action .22 LR 3.42 10+1,$275.00
TAURUS RAGING HUNTER .44MAG,$707.00
"Girsan MC312 12GA 28""",$374.99
"Heritage Manufacturing Rough Rider 22LR/22MAG 4.75"" Blued",$165.00
Ruger 8401 Precision .22 LR 18 Threaded Barrel 10+1 Synt,$424.00
"Rossi USA RB17 .17 HMR BLK/SYN 21\"" 5+1",$158.00
"Smith & Wesson M442 5RD 38SP +P 1.87"" NO INTERNAL LOCK",$432.00
Ruger 10/22 Carbine .22 LR,$259.00
Heckler & Koch (H&K) P30SK LEM SC 9MM 10R,$635.00
"S&W M&P9 M2.0 Subcompact 3.6"" NTS 12rd",$410.00
Springfield Armory XDSG MOD.2 .9MM 3.3,$469.00
Springfield Hellcat HC9319FOSP 9MM 3IN OPRD OSP 11R FDE,$590.00
"American Tactical Imports M1911 10+1 .22 LR 5""",$279.00
Savage AXIS II XP 6.5 CRD,$393.00
"CZ-USA 91128 CZ 75 B 16+1 9mm 4.6""",$762.00
Sig Sauer PMPX3BCH MPX Copperhead 9mm 3.5in 20R,"$1,579.99"
"Ruger American Hunter .308 Win. 20"" Magpul Adjustable Stock",$674.00
"Smith & Wesson M642 5RD 38SP +P 1.87"" NO INTERNAL LOCK",$450.00
Rock Island Armory AL9.0 9MM DA REV 3B 6RD,$504.00
"Ruger Vaquero 6RD 357MAG/38SP 5.5""",$696.00
SHARPS BROS. THE JACK AR-15,$268.20
Henry Big Boy .357/.38 w/ Blued Octagon BBL,$758.00
Beretta M9A1-22 4.9 15+1 .22 LR,$342.00
"Heritage Manufacturing Rough Rider 6RD .22 LR 4.75"" Blued",$135.00
Ruger Ranch Rifle .223REM 16 Flat Dark Earth 10RD AR,$437.00
Walther Arms P22 .22 LR 3.4 Flat Dark Earth 1-10RD CA,$298.00
"Springfield Armory XDM 10MM Black 5.25"" 15+1",$681.00
"Walther Arms PPQ M1 15+1 9MM 4"" *LTD",$554.00
"Kimber Custom LW .45ACP, 5"", Two-Tone Pistol, White Dot Rear/Re",$619.00
Remington Firearms 84286 700 Magpul Bolt 300 Winchester Magnum ,$725.00
PTR 603 9KT Pistol Semi-Automatic 9mm 5.16 30+1 Black Nitride,"$1,681.00"
"Savage Arms MSR15 Recon LRP .224 Valkyrie 18"" 25+1",$863.00
"Springfield XDS94045B XD-S 5+1/6+1 .45 ACP 4""",$414.00
Walther Arms Colt 517030810 1911 Government Tribute .22 LR Rai,$306.00
"STOEGER UPLANDER 12 ga w/28"" Barrels",$390.00
Savage 110BA STEALTH 300WIN,"$1,004.00"
"Cobra - Big Bore Derringer, 38 Special, 2.75"" Barrel, Fixed Sig",$141.00
Remington 770 SPT BOLT 270 W/SCOPE,$248.00
Walther Arms P22Q Single/Double Action .22 LR 3.42 10+1,$266.00
Beretta 21 Bobcat .22 LR Inox Stainless,$378.00
TAURUS 692SS (STAINLESS) 357Mag/38Spl+P/9mm,$531.00
"Beretta JS92M9A1M M9A1 15+1 9mm 4.9""",$639.00
"Taurus G2C 9mm 3.2"" 12+1 Black",$249.00
"Springfield Armory 911 .380ACP 2.7"" Barrel Tritium Sights Black",$471.00
Springfield Armory M1A SCOUT SQUAD 308 Synthetic Blued,"$1,562.00"
CZ-USA 1012 Semi-Automatic 12 GA 28 4+1 3 Grey,$515.00
Smith & Wesson M&P22 Compact - Flat Dark Earth Frame & Slide,$369.00
Bergara HMR WILDERNESS 6.5CR GRAY 24,"$1,029.99"
"Heritage Manufacturing Rough Rider 6RD .22 LR 6.5"" Blued",$135.00
Henry Lever Action .22 LR Octagon Barrel,$409.00
"Smith & Wesson M&P40 SHIELD 6+1/7+1 40Smith & Wesson 3.1""",$369.00
Springfield Armory Hellcat OSP 9mm 11+1/13+1 Optic Ready,583.0000OUT OF STOCK
"CZ-USA 91750 CZ 2075 RAMI 14+1 9mm 3""",$595.00
American Tactical Imports NOMAD SNGSHT 12GA 28B,$104.00
Henry Big Boy Steel Carbine .357 MAG /.38 Spl,$705.00
"Heckler & Koch (H&K) 745031-A5 HK45 COMPACT 8+1 .45 ACP 3.94"" V",$709.00
Walther Arms 5170306 1911 GOVERNMENT TRIBUTE GOLD CUP .22 LR 5,$311.00
Ruger .22 LR CLSC VII S TALO,$452.00
American Tactical Imports GSG FIREFLY HGA .22 LR 4 Black 10RD,$219.00
"Ruger Wrangler .22 LR 4.62"" Burnt Bronze Cerakote",$193.00
"Ruger Wrangler .22 LR 4.62"" Silver Cerakote",$188.00
"Heckler & Koch (H&K) HK416 PISTOL .22 LR 8.5"" 20RD",$411.00
"Walther Arms Colt 5170304 1911 Government Tribute .22 LR 5"" 12",$319.00
Walther Arms 5120362 P22 *CA Compliant* Single/Double Action .2,$292.00
"Walther Arms 5120333 P22 CA Pistol .22 LR 3.42"" 10+1 Wal",$272.00
American Tactical Imports MILSPORT AR15 STRIPPED,$59.77
Beretta 92X FR Full-Size 9mm 17+1 Bruniton 3 Mags,$600.00
SAR USA ST9 9MM 17+1 4.5 ,$313.00
Smith & Wesson M&P15 22 SPORT .22 LR 16 COLLAPSIBLE STOCK 25+1,$429.00
Used Surplus Beretta M1951 9mm 8+1,$299.00
"Smith & Wesson M&P9 SHIELD 7+1/8+1 9MM 3.1""",$369.00
"Rossi USA RS22 Semi-Auto .22 LR 18"" Black Synthetic 10+1",$124.00
Smith & Wesson 11808 M&P 9 Shield M2.0 9mm 3.1,$439.00
SDS 1911A1 .45 ACP 5 7RD Black,$399.00
"Remington R51 9mm+P 3.4""",$254.00
Smith & Wesson M&P 2.0 9mm EZ Shield Burnt Bronze 8+1 Thumb Saf,$411.00
Smith & Wesson M&P 9 2.0 Spec Series Kit Night Sights,$509.00
Sig Sauer 191145Stainless SteelTGT 1911 Stainless Super Target ,"$1,311.00"
Remington 700 SPS Tactical AAC-SD 308 Hogue Overmolded Ghillie ,$684.00
"Just Right Carbines Gen 3 JRC Pistol 9mm 6.5"" Shockwave Arm Bra",$699.00
North American Arms (NAA) NAA-.22 LR Mini-Revolver 5RD .22 LR ,$230.00
CZ-USA P-10 Full-Size 9mm Double Action 4.5 19+1 Black Intercha,$504.00
Cobra Derringer- Classic -.22lr - Blk/RSWD Black w Rosewood Gri,$148.00
"Rossi - R92,357Mag,24""Octagon Barrel,Polished Blue,Wo od Stock,",$612.00
"CZ-USA 01411 CZ 97 B 10+1 .45 ACP 4.8""",$690.00
FN 503 Striker 9mm Std Black,$479.00
Springfield Armory XD Defender Service Model 9mm Double Action ,$348.00
Beretta 3032 Tomcat .32 ACP Inox Stainless,$448.00
"Smith & Wesson SW1911 E-SERIES 8+1 .45 ACP 5""",$842.00
"CZ-USA 91153 CZ 75 SP-01 Tactical 18+1 9mm 4.6""",$722.00
"FN HERSTAL FNX45 Tactical .45 ACP 5.3"" Night Sights Flat Dark E",$999.00
Remington 770 SPT BOLT 3006 W/SCOPE,$253.00
Springfield Armory XDM ELT 9MM 3.8BLK 20R,$505.00
"Smith & Wesson M&P40 M2.0 COMPACT .40Smith & Wesson 4"" 13+1",$487.00
"Rossi USA R92 Lever Action Carbine .357 MAG 16"" 8+1 ",$563.00
"CZ-USA CZ P-01 14+1 9mm 3.8""",$650.00
"Ruger Wrangler .22 LR 4.62"" Black Cerakote",$188.00
"Springfield Armory XD Mod.2 9mm 16+1 Grey 4""",$428.00
"Smith & Wesson M&P 9 Shield M2.0 9mm 3.1"" Black 7+1/8+1",$419.00
Springfield Armory XD MOD.2 Double .45 ACP 5 13+1 Black,$422.00
"Sig Sauer M11-A1 M11A1 15+1 9mm 3.9""",$975.00
L.W. SEECAMP LWS-32 .32ACP Stainless Steel 6 Round Magazine Han,$446.00
"Smith & Wesson 500 5RD .500Smith & Wesson 4""","$1,194.00"
"Smith & Wesson M10 CLASSIC 6RD 38SP +P 4""",$686.00
Ruger AMERICAN 308 VORTEX Scope Black,$533.00
"Walther Arms PPQ M2 .22 LR 5"" 12+1 BLACK POLYMER",$361.00
Springfield Armory XDS .45 ACP MOD2 3.3 Black NIGHT SIGHT 2 MAG,$544.00
Heritage Manufacturing .22 LR BLUE 6.5 MISS B HAVIN,$145.00
"Smith & Wesson 442 PRO 38 SPECIAL 1.87"" 5RD Synthetic GRIP MOON",$442.00
CZ-USA CZ75 COLD WAR COMM 9mm *LTD,$710.00
Smith & Wesson 360 PERSONAL DEFENSE SINGLE/DOUBLE 357 MAGNUM 1.,$569.00
Walther Arms P22Q .22 LR 3.42 TUNGSTEN GRAY 10,$276.00
"Smith & Wesson 180051 M&P Shield *Ma Approved* 9mm 3.1"" 8+1",$354.00
American Tactical Imports GSG FIREFLY 22 4 Black TAN 10,$239.00
HENRY H012M BIG BOY STEEL 357M/38SPL,$705.00
Browning BLACK LABEL SPECIAL 1911,$469.00
"Savage 301 Turkey .410 GA 26"" Mossy Oak Bottomlands (19252)",$163.00
IWI Tavor TS12B 12gauge 3 18.5 Bullpup 15+1,"$1,410.00"
"Ruger Mark IV 22/45 Target .22LR 5.5"" Blue 10+1",$363.00
"GSG MP-40 Pistol Semi-Automatic 9mm 10.8"" 25+1",$514.00
"Springfield Armory XD(M) .45ACP Compact 3.8"" Black",$441.00
Savage 64FLXP .22 LR Lefthand W/SCOPE,$166.00
"Smith & Wesson M686 PLUS 7RD 357MAG/38SP +P 6""",$758.00
Ruger 1761 GP100 Standard Single/Double Action 44 Special 3 5 H,$617.00
Rossi USA R92C .45 LC 20SS RND,$536.00
Ruger RIFLE RANCH .300 Black 16 Flat Dark Earth 10RD AR,$456.00
Ruger American Ranch Bolt 7.62x39mm 16.12 5+1 Flat Dark Earth,$456.00
"Walther P22 Q .22 LR 3.42"" 10+1 Black Nickel Slide Black Interc",$312.00
KIMBER .380 ACP MICRO TWO-TONE W/ Night Sights,$565.00
"Rock Island Armory Armory RIA M1911-A1 XT22 MAGNUM .22 MAG 5""",$493.00
American Tactical Imports GERG2210M1911CA M1911-CA 10+1 .22 LR ,$285.00
"Smith & Wesson 11695 M&P 40 M2.0 Compact 40 S&W 3.60"" 13+1 Blac",$477.00
"CZ-USA CZ 75 Compact 14+1 9mm 3.8""",$620.00
POF P6.5 Edge 6.5 CRD Semi-auto 16.5in. Black 20 Rd.,"$1,369.00"
"Henry H010 45-70 Lever 45-70 Government 18.43"" American Waln",$705.00
"Walther Arms PPQ TACTICAL .22 LR 4"" 12+1 BLACK",$352.00
Mossberg PATRIOT 22 308 Scope Synthetic,$522.00
Kimber Micro 9 9mm 2020 Shot Show Special Stainless,$535.00
RUGER AM-C Pistol 45AP B 7RD GY Manual Safety,$474.00
Ruger 10/22 Carbine Autoload Gray/Black .22 LR 18.5 in. 10+1,$214.00
"Walther Arms PPK/S .22 LR 3.35"" 10+1 Black Synthetic",$324.00
Ruger 10/22 Standard .22 LR,$269.00
Stoeger STR-9 Flat Dark Earth 15RD Cerakote Slide,$367.00
CITADEL CIT9MMCSP 1911 9MM 3.5 Black,$408.00
"CZ-USA CZ75 SP-01 Tactical 9mm Urban Gray 5.2"" Threaded Night S",$721.00
"CZ-USA 91754 CZ 2075 RAMI BD 10+1/14+1 9mm 3""",$686.00
Smith & Wesson M&P9 M2.0 9mm 4.25 17+1,$546.00
Springfield Armory XD Defender Subcompact 9mm Double Action 3 1,$374.00
Ruger Lite Rack LCP ll .22 LR 2.75in. 10+1,$312.00
RUGER 10/22 CARB .22 LR Black SCOPE,$316.00
"TRI-STAR SPORTING ARMS Setter Over/Under 12 GA 3"" 2 Capacity 28",$438.00
TAURUS 1911 CMDR 9MM 4.25 9RD Black,$514.00
"Kimber Micro9 9mm 6rd 3.15""",$616.00
"Ruger 10/22 Target Lite .22 LR 16"" Threaded, Laminate Stock",$444.00
"Smith & Wesson M460V 5RD 460Smith & Wesson 5""","$1,194.00"
KEL-TEC CNC RDB-C 5.56 NATO 20 10RD CA Black,$812.00
Walther Arms CCP M2 .380 ACP Angel blue stainless 8Rd. CCP M2 .,$418.00
"Smith & Wesson M629 6RD 44MAG/44SP 5""",$830.00
"Savage 110 Tactical Desert 6.5 CRD 24"" Threaded AccuFit Flat Da",$557.00
"Remington 1187 Sportsman 20Ga 21"" Black Synthetic",$544.00
American Tactical Imports GSG FIREFLY HGA .22 LR 4 Threaded Ba,$248.00
"Walther Arms PPQ .22 4"" 12+1 BLACK POLYMER",$370.00
HENRY H012 BIG BOY STEEL 44M/SPL,$705.00
"Walther Arms P22 Military California Pistol .22 LR 3.42"" 10+1 W",$283.00
Savage MKII FV-SR .22 LR Threaded Barrel,$201.00
CZ-USA P-10 Full Size 9mm Double 4.50 21+1 Black Interchangeabl,$542.00
Ruger American .270 Win. Black Synthetic 6902,$318.00
Smith & Wesson M&P15-22 SPORT MOE SL .22 LR 16.5 Flat Dark Ear,$475.00
Kimber Micro9 Rptr 9mm 6rd 3.15,$636.00
"Smith & Wesson M686 PLUS 7RD 357MAG/38SP +P 4""",$733.00
"Walther Arms PPQ M2 .40 S&W 4"" BLACK POLY GRIP 11+1",$464.00
"Walther Arms Colt 5170310 1911 Government Tribute .22 LR 5"" 12",$297.00
RUGER AM RFL HNTR 6.5CR Flat Dark Earth 5RD,$694.00
CZ BOBWHITE G2 SXS 28/28 3,$661.00
"Remington 85765 783 Bolt 7.62 NATO/.308 WIN NATO 16.5"" Threaded",$399.00
Smith & Wesson M&P9 SHIELD M2.0 9MM,$638.00
"Smith & Wesson 60 PRO .357 MAG 3"" STAINLESS 5 Round (178013)",$725.00
"Cimarron CA1000 1858 New Army 6RD .45 LC 8""",$525.00
Sig Sauer P210 9mm Fiber Optic 8+1,"$1,499.99"
Rossi USA .410/.22LR,$164.00
Mossberg PATRIOT PRED 6.5PRC BL/FDE 24,$362.00
CVA CR5430 Hunter Blued Synthetic Stock w/Scope Mount Break Ope,$232.00
Smith & Wesson M&P 9 SHIELD M2.0 W/ CRIMSON TRACE RED LASER,$485.00
"Smith & Wesson M&P Shield 380 EZ 3.6"" 8+1",$397.00
Anderson AR15-A3-LWFOR-UM AR15-A3 Stripped Lower Receiver,$61.57
"Heckler & Koch VP9SK 9mm 3.4"" Black, Night Sights, (3) 10rd Mag",$732.00
Smith & Wesson M642 .38 Spc STAINLESS,$429.00
CZ-USA SP-01 Phantom Single/Double Action 9mm 4.6 18+1 Black In,$836.00
Rossi USA SS4112211Y Single Round Youth Break Open .410 GA Poli,$124.00
GSG German Sports Guns 2210M1911T GSG-M1911T .22 LR Single ..22,$297.00
"Ruger Mark IV Tactical .22 LR 10rd 4.4"" Black Aluminum Grip",$491.00
Taurus R/HUNTER .44 MAG REV 6.75B,$679.00
Savage BMAG Stainless TH .17 WSM,$418.00
CZ P-10 F 9MM ODG/BLK SLIDE Night Sights 19RD,$530.00
Smith & Wesson 170348 642 Performance Center Double Action .38 ,$516.00
"Walther Arms 5120302 P22 Pistol .22 LR 5"" Threaded Barrel 10+1",$381.00
KIMBER 9MM MICRO 9 NIGHTFALL TFX PR,$629.00
Remington ACTION 700 LA CARBON MAG,$357.00
Savage A22M .22 MAG ,$399.00
Smith & Wesson M&P9 M2.0 Shield EZ 9mm Thumb Safety,$450.00
JTS M12AK 12GA Semi-automatic AK Shotgun 5+1,$469.00
Century Arms TP9SFX 9mm S. Forces BK 20R,$475.00
Springfield XDM Elite 9mm 4.5 Black 20+1,$511.00
"American Tactical Imports GERG1911ADOP GSG 1911 10+1 .22 LR 5""",$313.00
"Walther Arms PPS M2 LE EDITION 9MM 3.18"" 6/7/8+1",$386.00
Sig P365 SAS 3659SASC 9mm 3.1 Nitron Finish FT Bullseye Sight 1,$605.00
Glock G44 .22 LR 4.02 In. 10+1,$377.00
"Smith & Wesson M&P380 Shield EZ .380acp 3.6"" 8+1 Manual Safety ",$393.00
Heckler & Koch (H&K) 745001T-A5 HK45 TACTICAL 10+1 .45 ACP 5.16,$850.00
Remington ACTION 700 SA Stainless Steel 308,$398.00
Smith & Wesson 10186 642 Performance Center Double Action .38 S,$528.00
"Smith & Wesson M686 6RD 357MAG/38SP +P 4""",$734.00
Rock Island Armory 52000 PRO Ultra Match HC Single 10mm 6 16+1 ,"$1,018.00"
Bond Arms BULLPUP9 9mm 3.35 7+1 Rosewood Stainl,$933.00
Heritage Manufacturing RR22MCH4 Rough Rider 6RD 22LR/22MAG 4.75,$194.00
"Ruger - SP101, 357 Mag, 2.25\"" Blued Steel frame Cushioned Ru",$610.00
"Sig Sauer 320X59LEGIONR210 P320 9mm Double 5"" 10+1 Gray Polymer",$935.00
"Smith & Wesson LE M&P9 M2.0 9mm 4.25"" Night Sights",$487.00
Henry H010CC Large Caliber Color Case Hardened Lever 45-70 Gove,$829.00
"Beretta M9 .22 LR 5.3"" 10RD",$332.00
CZ-USA CZ75B OMEGA GREY 16RD Night Sights,$623.00
CZ Shadow 2 9MM Gray Polycoat 17RD,"$1,167.00"
CZ-USA P-10 Full Size 9mm Double 4.50 21+1 Gray Polymer Grip Bl,$528.00
Smith & Wesson 150853 686 Plus Magnum Single/Double Action .357,$805.00
Ruger 16953 American Predator Bolt 6.5 CRD 22 4+1 Synthetic Gre,$585.00
"Smith & Wesson M460XVR 5RD 460Smith & Wesson 3.5""","$1,514.00"
Smith & Wesson M929 PERF CENTER 9MM 6.5 STAINLESS,"$1,131.00"
"Cimarron PP410 Frontier 6RD .45 LC 4.75""",$467.00
CZ BREN 2MS 7.62 Pistol 30RD 9B,"$1,678.00"
RUGER HAWKEYE LONG RANGE TARGET 6.5 PRC,$895.00
Stoeger M3000 12GA Shotgun 31832,$499.00
Rock Island Armory M1911XT22 TGT 22M 5PRK 14R,$525.00
Taurus 692 .357 MAG Black 2.5 7RD Adjustable Sights,$484.00
RUGER 22 CHRGR .22 LR 15RD CAMO TL,$348.00
"Taurus 992B4 M992 Tracker 9RD 22LR/22MG 4""",$484.00
Howa-Legacy HCRA73107USG HCR RIFLE BOLT 308 WINCHESTER/7.62 NAT,"$1,176.00"
Mossberg MC1 9MM Tritium Night Sights 3.4in Black,$417.00
Heritage Manufacturing RGH RDR .22 LR 4.75 MBH TALO,$164.00
Remington ACTION 700 LA Stainless Steel,$399.00
"Bergara Rifles B-14 HMR 6.5 CRD 22\"" 5+1 B14S352",$949.99
Smith & Wesson 1911 10270 45 ENG 5 Stainless Steel,"$1,033.00"
Smith & Wesson Model 69 Combat Magnum Single/Double Action 44 R,$758.00
"North American Arms (NAA) NAA-BWC Black Widow 5RD 22LR/22MAG 2""",$320.00
Springfield Armory PI9211L 1911 Single 9mm 4 10+1 Cocobolo Grip,"$1,003.00"
TIKKA JRTAC382L T3X TAC A1 6.5 CRD 24,"$1,798.00"
Ruger 5437 LCR LCRx Single/Double .22 WMR 3 6 Round Bl,$498.00
"Ruger 10/22 Deluxe Model 10/22DSP, .22 LR 18 1/2"" Blued Barre",$360.00
Ruger American .308 Win. Black Synthetic 6903,$373.00
"CZ-USA 01416 CZ 97 BD 10+1 .45 ACP 4.8""",$786.00
"Citadel CIT45CSP 1911 Compact 7+1 .45 ACP 3.5""",$408.00
Taurus 692 357MAG/38SP Black 3 7RD Adjustable Sights INCLUDES 9,$494.00
Beretta M9A3 9mm 3MAGS 17RD,$779.00
Smith & Wesson M&P Bodyguard 380 Crimson Trace Pistol,$397.00
Ruger .22 LR Charger 15+1 Black/Polymer,$271.00
"Emperor Arms MTP20 20 GA 4+1rd 2 3/4 or 3"" 18.5""",163.0000OUT OF STOCK
Bond Arms BARW 45/410 Rowdy .45 LC .410 GA/.45 LC,$295.00
Beretta CX4 Storm 9mm 17+1 with Top Rail,$799.00
"Smith & Wesson SD9VE 9mm 4"" 16+1",$365.00
"Rossi USA Single Round Break Open .410 Bore 28"" 3"" Black Synthe",$115.00
Springfield Armory XD(m) .45ACP 4.5 Black,$573.00
Beretta 9mm BLACK 17RD ITALY TYPE F,$998.00
"CZ-USA CZ 457 Varmint Bolt .22 LR (LR) 20.5 5 Turkish Walnut, ",$487.00
Kimber Micro 9 Triari 3.15 in. Black 7 RD.,$598.00
Tikka T3 JRTXE382 T3x Lite Bolt 6.5 CRD 24.3 3+1 Synthetic Blac,$599.00
"CZ 457 Lux .22 LR 24.8"" Turkish Walnut 5+1 (02301)",$478.00
RUGER 10/22 INTERNATIONAL SS/WD .22 LR ,$375.00
"Dan Wesson 1911 Specialist Stainless .45 ACP 5"" Night Sights","$1,369.00"
"Smith & Wesson - PC M&P Shield M2.0, 40SW, 3.1\"" Ported Barre",$505.00
Kimber 2020 Shot Show Custom LW (OI) .45ACP 8+1,$785.00
"Smith & Wesson SD9VE 10+1 9MM 4"" MASSACHUSETTS TRIGGER",$365.00
"Winchester 512296393 SXP Trap Pump 12 GA 30"" 3"" Walnut Stock Bl",$416.00
Springfield Armory XD(M) .45 ACP 13+1 Threaded,$591.00
"Savage 110 High Country 6.5PRC 24""",$893.00
Ruger Mark IV 22/45 4.4 S/A 10+-,$504.00
RUGER GP100 .357MAG 4.2 Adjustable Sights,$875.00
COLT LW COMM 45AP Pistol B GUNSITE,"$1,225.00"
Savage 93GL .22 MAG AT Lefthand WOOD,$254.00
Savage MKIIGL .22 LR AT Lefthand WOOD,$215.00
"Smith & Wesson 500 5RD .500Smith & Wesson MAGNUM 8.38""","$1,137.00"
Ruger AMER-RF .22 LR Threaded Barrel BLK/SYN,$346.00
"Smith & Wesson Performance Center Shield M2.0 9mm 4"" Ported w/4",$784.00
"Henry Shotgun 410 Gauge 20"" 5+1 2.5"" Blued American Walnut RH",$699.00
"Savage MSR 10 Long Range 6.5 CRD 22\"" 10+1","$1,891.00"
Kimber Micro 9 Eclipse Stainless / Black 9mm 3.15in 7Rd,$736.00
Remington 700 ADL Camo .223 Remington 26 W/SCOPE,$448.00
PTR PDW 308 8.1 WSM TAC 20,"$1,131.00"
Springfield Armory M1A STD 22 308 Flat Dark Earth,"$1,425.00"
Smith & Wesson 10057 M&P10 Performance Center Semi-Automatic 6.,"$1,791.00"
Cimarron 1872 OPEN TOP 38C/SPL 7.5,$482.00
"Heritage - Rough Rider, 22 Combo, 16"" Barrel, Fixed Sights, Blu",$187.00
Remington Firearms 85755 783 with Scope Bolt 7mm Remington Magn,$373.00
CVA SCOUT Takedown COMPACT .300 Black ,$358.00
Savage 110 Elite Precision 6.5 Creed,"$1,601.00"
"Ruger GP100 .357 Mag 5"" Stainless (1740)",$711.00
Remington 700 SPS Tactical 6.5 CRD Threaded Barrel Ghillie Gree,$683.00
"TRI-STAR SPORTING ARMS TT-15A Combo 12 GA 34"" Unsingle/32"" Over","$1,508.00"
"Remington 783 Tactical 6.5 CRD 16"" Heavy Threaded Flat Dark Ear",$395.00
"Ruger Redhawk .357 Mag 4.2\"" Stainless 8 Round",$906.00
"TRI-STAR SPORTING ARMS 20128 Raptor Semi-Automatic 12 GA ga 28""",$363.00
Henry H01530-30 Winchester Singleshot Break Open 30-30 Winchest,$406.00
"Rossi - R92,44Mag,24""Octagon Barrel,Buckhorn Sights, Polished B",$570.00
HENRY H012M41 STEEL 41MAG,$703.00
TRI-STAR SPORTING ARMS SETTER O/U 28GA 28VR,$460.00
Henry H014S223 Long Ranger with Sights Lever .223 REM/5.56 NATO,$840.00
Smith & Wesson M629 .44 MAG 7.5 PC HNTR BP STAINLESS,"$1,228.00"
Beretta M9A3 9mm Flat Dark Earth 17+1 3 mags,952.0000OUT OF STOCKReserve Item
"Thompson Center T/CR22 Performance Center .22 LR 20"" Hogue Stoc",$449.00
CZ 75 COMPACT SDP 9MM Black HEINIE Night Sights 2 14RD,"$1,324.00"
Walther LE PPQ .22 LR Black,$319.00
"Smith & Wesson M686 PLUS 7RD 357MAG/38SP +P 2.5""",$758.00
Remington 700 VTR VAR 308 22 Flat Dark Earth,$741.00
"CZ-USA Redhead PREM 12 GA 28"" MC5",$873.00
"CZ 457 American .22 MAG 24.8"" Turkish Walnut 5rd (02311)",$448.00
FN HERSTAL 66100375 509 Tactical 9mm Double Action 4.5 17+1 Bla,$899.00
CVA Scout 350 LEGEND,$357.00
"Smith & Wesson M&P340CT 5RD 357MAG/38SP +P 1.87"" W/ CRIMSON TRA","$1,007.00"
 Taurus 692 .357 MAG Stainless Steel 2.5 7RD Adjustable Sights,$522.00
Glock 44 .22 LR 10+1 Flat Dark Earth ,$400.00
Savage .338 LAP 26 HB MB LAM,$846.00
 American Tactical Imports NOMAD SNGSHT 20 GA 26B,$102.00
"Heritage Manufacturing Rough Rider 6RD .22 LR 6.5"" Jonny Boy",$149.00
Ruger GP100 .22 LR 5.5 Adjustable Sights WD/SS,$702.00
Ruger Mark IV Hunter .22 7 Stainless Steel,$649.00
MOSS 27867*PATRIOT 20 308 Y Scope Synthetic,$364.00
Smith & Wesson 12460 648 .22 WMR 6 8 Round Stainless Black Synt,$668.00
"Ruger MK IV Target .22 LR 5.5"" Blued 10+1",$448.00
"Heritage Manufacturing Rough Rider 6RD 22LR/22MAG 6.5"" Jonny Bo",$206.00
Phoenix HP22 .22 LR Nickel Black Grip,$153.00
FN HERSTAL FNX-45 Tactical 45AP 15 Flat Dark Earth RD,"$1,299.00"
Ruger American Predator .308WIN Moss Green,$420.00
"Savage B22 FVSR .22 LR 16.25"" Threaded, Black Synthetic Stock 1",$280.00
FCL G43 9MM 3.25 8 RD,$691.00
"Cimarron CA9081 Man With No Name 6RD 38SP 7.5""",$547.00
Savage 26700 MKIIF .22 LR AT,$204.00
"Smith & Wesson M69 5RD 44MAG/44SP 4.25""",$758.00
Century Arms PSL54 7.62x54R w/Scope,"$2,068.00"
Mossberg 28019 Patriot Night Train Bolt 6.5 CRD 24 5+1 Syntheti,$643.00
"Stoeger Condor Longfowler O/U 20 GA 30\"" Shotgun 31064",$390.00
Ruger MKIV TRGT .22 LR 10 SS/SYN 10+1,$579.00
CI BERETTA M-71 PISTOL .22 LR,$362.00
CZ-USA 557 Varmint 308 WIN,$805.00
"Ruger 5104 Vaquero 6RD .45 LC 5.5""",$689.00
Heritage Manufacturing Arms Blue Single Action 6 Round 22 LR/22,$206.00
Remington Firearms 85756 783 with Scope Bolt 300 Win Mag 24 3+1,$406.00
Henry H014S308 Long Ranger with Sights 308 20 4+1,$840.00
MIDLAND BACKPACK SHOTGUN 20 GA 26,$139.99
North American Arms MOM .22 LR 1IN FS TL,$286.00
FN HERSTAL 36365-01 FN HERSTAL 15 Tactical Carbine II Semi-Auto,"$1,399.00"
"Ruger 0318 Blackhawk Convertible 6RD 357MAG/9mm 6.5""",$636.00
"Remington V3 SPORT 12 GA 26"" 3IN RC2 Synthetic",$677.00
Ruger 18032 Precision Rifle Bolt 6mm Creedmoor 24 10+1 Precisio,"$1,100.00"
Sig Sauer 1911CAR45SPARTANII 1911 Carry Spartan II .45 ACP Sing,"$1,149.99"
"Benelli 20120 SuperNova 4+1 3.5"" 12 GA 26""",$599.00
SIG SAUER P320 X-COMPACT 3.6 15RD Black Night Sights,$670.00
Walther Arms CCP M2 .380 ACP BK/BK 3.54 8+1,$392.00
"Hrtg RR .22 LR 6rd 16"" Betsy Ross",$166.00
Ruger 18081 Precision Bolt 300 Winchester Mag 26 5+1 ,"$1,645.00"
CZ-USA DRAKE 12GA 28 CT5,$587.00
North American Arms (NAA) NAA-22LLR Mini-Revolver 5RD .22 LR 1,$230.00
"North American Arms (NAA) NAA-PUG-T The Pug 5RD .22 MAG 1""",$321.00
KEL-TEC CNC RFB 308 Win High Effeciency Rifle Forward-Ejection ,"$1,241.00"
Ruger Precision .308WIN 10+1 Black,"$1,258.00"
Taurus R/HUNTER .44 MAG REV 8.375 B/S,$685.00
Savage Arms B22 PRECISION .22 LR 18 Threaded Barrel,$497.00
"Smith & Wesson M360PD 5RD 357MAG/38SP +P 1.87""",$892.00
Ruger Mark IV Target Single/Double Action .22 LR (LR) 5.5 10+1,$491.00
Chiappa Firearms 340251 1873 .38 Spc 4.75 6 Round Black Cerakot,$358.00
"Stoeger Uplander Longfowler Side by Side 12GA 30"" Shotgun",$386.00
"S&W M29 Classic 6RD 44MAG/44SP 6.5""","$1,177.00"
Savage LONG RANGE HUNTE .338 LAP 26,"$1,078.00"
"Cimarron CA9081SSI01 Man With No Name/Snake Inlay 6RD 38SP 7.5""",$705.00
"Smith & Wesson M460XVR 5RD 460Smith & Wesson 8.38""","$1,194.00"
Marlin 1894CB45 .45 LC COWBY 20 Walnut,$821.00
"Remington 96339 R1 Enhanced Threaded Barrel 8+1 .45 ACP 5""",$767.00
"Winchester 512270292 SXP Waterfowl Hunter 4+1 3.5"" 12 GA 28""",$384.00
"Ruger 8334 American Rimfire Bolt .22 LR 18"" Threaded Barrel 10+",$344.00
"Cimarron CA514M00 Model P U.S. Cavalry 6RD .45 LC 7.5""",$546.00
Springfield Armory 1911 EMP 9MM LUGER 4 LTW.,$958.00
Browning 22 Auto Grade 1 .22 LR ,$599.99
NAA .22 LR 1 1/8 Stainless Steel MOM TALO,$288.00
"Savage Arms 110 Tactical, 6.5 CRD 24"" Threaded Barrel Bl",$647.00
"Savage Axis XP .243 Win 22"" Matt Black w/Scope 4+1",$349.00
Smith & Wesson SW22 VICTORY TARGET .22 LR 6 FLUED OPTIC PKG,$788.00
Walther Arms PPQ Q4 TAC 9MM 4B 15/17R B,$699.00
"A. Uberti Firearms 1873 Sporting Rifle .45 LC 24 1/2"" 13+1","$1,058.00"
Winchester XPR Hunter 350 Legend w/3-9 Scope Bronze 22 IN. 3 RD,$648.00
"Franchi Affinity Catalyst 2 3/4\"" and 3\"", Walnut 12 GA 28\"" 40",$849.00
"Uberti 1872 Open Top Late Model Army Revolver, .45 Colt, 7.5",$472.00
Cimarron FRONTIER PATTON .45 LC 4.75,$681.00
Taurus R/HUNTER 357 REV 5.125B,$671.00
RUGER VAQUERO .357 MAG 5.5 BOBBY TYLER CCH 1/500,$853.00
CVA SCOUT V2 Takedown 6.5CREED 24 Stainless Steel Black W/ RAIL,$359.00
Ruger 5464 LCR LCRx Single/Double Action 9mm 1.87 5 Round Black,$572.00
RUGER REDHAWK .44 MAG | 44 SPECIAL,$896.00
Savage 96200 93R17BTVS .17 HMR AT LAM,$394.00
KEYSTONE SPORTING ARMS CRICKETT .22 LR,$139.00
Bergara RIDGE WILDERNESS 300WIN GRAY,$849.99
Dan Wesson 1911 Discretion .45 ACP 5.7in 8+1 Black,"$1,864.00"
Springfield Armory MA9226NT M1A Loaded *NY Compliant* 10+1 Fixe,"$1,544.00"
Savage 70800 B17 F Bolt .17 HMR 21 10+1 Synthetic Black Stock B,$261.00
Savage 13783 Rascal Youth Bolt .22 LR (LR) 16.125 1 Synthetic ,$167.00
"Remington Model 700 Stainless Steel 5-R .308WIN 20""",$901.00
Savage MSR15 18 224 Valkyrie 25+1,"$1,240.00"
"Henry H004ES Goldenboy Lever 22 S/L/LR 20"" Eagle Scout Edition",$850.00
"Sig Sauer 238-380-XTM-BLK P238 Extreme 7+1 .380 ACP 2.7""",$609.00
Smith & Wesson 11814 M&P 40 Shield M2.0 Double Action 40 Smith ,$436.00
Springfield Armory XDE45 XDE93345BE 3.3 6+1 .45 ACP,$508.00
"Smith & Wesson S&W500 5RD 500Smith & Wesson 6.5""","$1,137.00"
"Bergara Rifles B14LM301 B-14 HMR Bolt 300 Winchester Magnum 26""",$949.99
"Smith & Wesson M351C 7RD .22 MAG 1.87""",$615.00
"Remington 1187 SPT FLD 12 GA 28"" SATWAL",$648.00
"Ruger 0813 Super Blackhawk 6RD .44 MAG 4.62""",$696.00
Ruger AMERICAN RF 22WMRF CMPBLK/SYN,$320.00
"Cimarron CA151 1875 Outlaw 6RD .45 LC 7.5""",$512.00
"CZ 1012 Bronze 12 GA 28\"" 4+1 (06353)",$561.00
CZ BOBWHITE G2 Stainless Steel 12GA 28,$577.00
Rossi USA 410/22WMR 18.5 Black,$187.00
CMMG Inc. RESOLUTE 300 350LGND 16.1 MB,"$1,279.00"
Thompson/Center Arms T/CR22 .22 LR Red Dot Sling Case Kit,$352.00
"Rock Island - Armscor - The Rock Standard, 22TCM, 5"" barrel, Bl",$609.00
"Smith & Wesson S&W500 5RD 500Smith & Wesson 10.5"" PERFORMANCE C","$1,443.00"
Savage 70803 B17 FVSR Bolt .17 HMR 16.25 10+1 Synthetic Black S,$294.00
Savage 308 20TB Black ACU 10,$645.00
FIME REX ALPHA 9MM 5 COMPETITION READY 3 17RD,$766.00
CZ-USA Bren 2 Manual Safety 7.62X39mm 14.17 30+1,"$1,616.00"
Ruger 10/22 Dragon .22 LR Red Lam 18.5 in. 10 Rd.,$364.00
BERETTA 92X G 9MM W/RAIL,$650.00
Walther Arms CCP M2 .380 ACP SS/BLK 3.54 8+1,$418.00
"Kimber Stainless LW .45ACP, 5"", Reverse Two-Tone Pistol, White",$644.00
Savage Arms 110 PRECISION 300WIN 24 Threaded Barrel,"$1,207.00"
LYM 1878 SHARPS 45-70 30 Wood,"$1,488.00"
CZ 75 SP-01 9MM Flat Dark Earth 18RD,$721.00
Remington 783 W/SCP 308 22 MOBU,$406.00
"Smith & Wesson M60 5RD 357MAG/38SP +P 3""",$675.00
"Charter Arms 72224 Pathfinder 6RD .22 LR 2""",$330.00
ATI NOMAD 410GA 26 SGL Round Black,$101.00
Beretta 92X COMPACT 9MM 13RD,$700.00
"Taurus 992SS4 M992 Tracker 9RD 22LR/22MG 4""",$517.00
Smith & Wesson M&P9SHIELD 10038 *MA* 9mm 3.1 NMS,$369.00
GLOCK PG3530101MOS G35 G4 40S 10R Adjustable Sights,$678.00
Remington Firearms 84583 700 PCR Bolt 260 Remington 24 5+1 Magp,$773.00
Ruger Precision 6.5 Creed 10+1 Barrett Brown,"$1,348.00"
"Smith & Wesson 610 10mm 4\"" Stainless Steel",$859.00
TRAILBLAZER LIFECARD .22 LR BURNT BRONZE,$375.00
American Tactical Imports ATIGKOF12SVE CAVALRY SX OU 12 28IN,$487.00
"Ruger Mark IV Target .22 LR Single 5.5"" 10+1 Black Synthetic G",$545.00
Savage 96222 93R17GVXP .17 HMR AT W/SCP,$324.00
Henry H018-410 Shotgun Lever .410 GA2.5 24,$734.00
Rossi 920441613 R92 Lever Action Carbine .44 MAG 8+1 16 Hardwoo,$508.00
Smith & Wesson M&P9SHLD 11901 9mm 3.1 MTS 2.0 Crimson Trace Gre,$543.00
"North American Arms (NAA) NAA-PUG-D The Pug 5RD .22 MAG 1""",$317.00
Beretta USA J92M9A3M4 M9A3 Italy Type F 9mm Single/Double Actio,$998.00
MSBRG MVP LR THUN RNCH 7.62/20 10RD,$753.00
Browning 018182327 Citori CXT White Over/Under 12 GA 32 2 3 Adj,"$2,304.00"
Winchester Guns 512395292 SXP Hybrid Hunter Pump 12 GA 28 4+1 3,$380.00
RUGER 10/22 INTERNATIONAL BL/WD 1265,$358.00
"Ruger - 10/22 Sporter American Eagle, 22 LR, Adj Sights, Sat",$359.00
"Ruger Vaquero .45 LC 5.5"" FS 6rd",$777.00
RUGER AMERICAN .17 HMR 18 Stainless Steel 9RD,$452.00
Taurus R/HUNTER .44 MAG REV 5.125 B/S,$678.00
RUGER AM RFL HNTR 308 Flat Dark Earth 5RD,$687.00
Auto Ordnance M1 CARB SOLDIER 30CAL 15RD,"$1,068.00"
"Walther Arms - Q5 Match SF Pro, 9mm, 5"" Barrel, Fiber Optic Frt","$1,609.00"
SAVAGE AXIS II PREC 6.5CR 22B Threaded Barrel,$766.00
"Cobra - Classic Derringer, 22 Mag, 2.4"" Barrel, Black, Rosewood",$144.00
"Cobra - Big Bore Derringer, 380 ACP, 2.75"" Barrel, Fixed Sights",$147.00
"Savage 301 Turkey 20 GA 26"" Mossy Oak Bottomlands (19618)",$155.00
Bergara B14R .22LR 18 Steel,$949.99
Heckler & Koch (H&K) P30SK LEM SC 9MM Night Sights 10R,$720.00
Mossberg PATRIOT 22 308 Scope Synthetic,$441.00
"Remington 700 SPS Stainless Steel 7mm Mag, Stainless Steel",$688.00
"Mossberg 935 Turkey 12 GA 22"" Mossy Oak Bottomland 3.5"" Chamber",$613.00
Springfield Armory PG9109PG 911 .380 ACP Single 2.7 6+1/7+1 Ivo,$459.00
CZ Shadow 2 9mm Luger 4.89 17+1 Black Steel Blue Aluminum Grip,"$1,179.00"
"Benelli 11021 M2 Field 3+1 3"" 12 GA 24""","$1,299.00"
SRM 1216 12GA 16 round Removable Mag,"$1,785.00"
"CZ Bren 2 Ms Pistol 7.62x39mm 9""","$1,490.00"
"Benelli NOVA Entry 14"" NFA Short Barrel Shotgun Tactical Rifle ",$549.00
Savage 93R17 Minimalist .17 HMR Brown,$294.00
"Emperor Arms MXP12 12GA Pump 28""",181.0000OUT OF STOCK
RUGER MARK IV STANDARD .22 LR,$367.00
Savage 19619 301 Break Open 20 GA 26 1 3 Mossy Oak Obsession Sy,$161.00
Auto Ordnance 1911 A1 5 .45 ACP 45th Pres Trump,"$1,159.00"
Cobra Derringer- Classic -25ACP - CHRM/Blk&Pnk Pearl Chrome w B,$147.00
"Smith & Wesson 10199 M&P 22 Compact Single .22 LR (LR) 3.5"" Th",$391.00
Remington ACTION 700 LA Stainless Steel MAG,$405.00
CVA HUNTER 45-70 25IN,$261.00
CIMARRON PISTOLERO .38SPL/.357,$478.00
Savage A17 .17 HMR TARGET SPORTER LAM,$470.00
"Ruger 5101 Vaquero 6RD .45 LC 5.5""",$689.00
Henry H01512 Single Round Steel Break Open 12 GA 28 3.5 America,$400.00
HENRY SINGLESHOT 45-70 BL/WD,$376.00
Springfield Armory M1A 308 Walnut Black LOADED,"$1,637.00"
Remington Model 700 SPS Varmint 308 26,$611.00
CZ-USA ACCUSHADOW 2 9MM Black 18+1,"$1,877.00"
Sig Sauer M11A110 P229 Compact M11-A1 Single/Double Action 9mm ,$949.99
"Ruger 0802 Super Blackhawk 6RD .44 MAG 7.5""",$689.00
"Smith & Wesson M&P340 5RD 357MAG/38SP 1.87""",$765.00
Savage MKIITRRSR .22 LR THREADED BBL,$509.00
"Taurus 992SS6 M992 Tracker 9RD 22LR/22MG 6.5""",$517.00
"Remington 700 5-R Gen 2 6.5 CRD 24"" 4+1 Synthetic HS",$934.00
Sig Sauer 1911R45SPARTANII 1911 Full Size Spartan II .45 ACP Si,"$1,149.99"
"Ruger American Hunter 6.5 CRD 20"" Magpul Stock 5+1",$667.00
CZ Shadow 2 Orange 9mm 17+1,"$1,929.00"
"Cimarron MP415 Model P 6RD .45 LC 7.5""",$491.00
"Henry Big Boy .44 MAG Color Case Hardened 20"" 10+1",$820.00
"Ruger - Redhawk, 44 Rem Mag, 4.2\"", Stainless, Ramp Front/Adj",$896.00
Sig Sauer 238380SPARTA P238 Micro-Compact Spartan II .380 ACP (,$629.99
Stoeger M3000 12GA Black Shotgun 31830,$499.00
Taurus R/HUNTER 357 REV 8.375B,$699.00
"Smith & Wesson M629 CLASSIC 6RD 44MAG/44SP 6.5""",$868.00
Smith & Wesson M&P40SHLD 11817 40 3.1 2.0 LSRGRD 6/7R ,$605.00
Savage 57009 10/110 Tactical LH Bolt 7.62 NATO/.308 WIN NATO 24,$647.00
Savage AXIS II XP 308 WIN BUSHNELL,$391.00
"Smith & Wesson M629 6RD .44 MAG 2.62"" PERFORMANCE CENTER",$975.00
"Smith & Wesson M640 ENGRAVED 5RD 357MAG/38SP +P 2.12""",$857.00
North American Arms (NAA) NAA-22MSC-P Ported Mini-Revolver 5RD ,$293.00
"Ruger 77 .357 Mag. Stainless 18.5"" 5rd 7405",$792.00
Savage 110FCP .338 LAP HSP STOCK,"$1,372.00"
Weatherby ORION 1 12GA 28IN MC3,$702.00
Ruger PREDATOR .223 Remington MOSS Green 10RD AR,$456.00
American Tactical Imports GSG 922 .22 LR 3.4 NO SUPPRESSOR 10R,$316.00
"Ruger 5109 Vaquero 6RD 357MAG/38SP 4.62""",$689.00
Savage 20700 MKIIG .22 LR AT WOOD,$230.00
Heritage Manufacturing ROUGH RIDER .22 LR 6.5 Black PEARL GRIP,$143.00
"Remington 700 Long Range 300 Win Mag 26"" Barrel M40 Tactical St",$713.00
Smith & Wesson M686 PFM 357 6 WGTBBL STAINLESS,"$1,285.00"
MIDLAND 410GA 18.5 SINGLE Round Black FULL,$139.99
Sig Sauer MCX VIRTUS 300BLK 9 SBR FDE TELE FOLD,"$1,691.00"
KIMBER 9MM MICRO 9 STAINLESS TFX PR,$622.00
Ruger .22 LR 10RD BRWN T,$723.00
Ruger SP101 WILEY CLAPP .357 MAG 3 Stainless Steel,$741.00
Remington ACTION 700 LA Stainless Steel 300 ULT MAG,$425.00
Stevens 301 SINGLE Round 20 GA 26,$167.00
Browning BAR MK3 3006,"$1,079.99"
Springfield Armory Range Officer Champion .45 ACP,$798.00
"Smith & Wesson M340PD 5RD 357MAG/38SP +P 1.87""",$892.00
Ruger 1764 GP100 StandaRound Single/Double Action 327 Federal M,$659.00
Springfield Armory 911 .380 ACP 2.7 Stainless Steel GREEN VIRID,$575.00
Ruger .44 MAG 5.5 Stainless Steel W/ Black MICARTA GRIPS,$705.00
"Savage 47007 A17 Heavy Barrel Semi-Automatic .17 HMR 22"" 10+1 ",$418.00
POF-USA 01235 Revolution Gen 4 Semi-Automatic 308 Winchester/7,"$2,119.00"
Crickett KSA2235 Single Round Bolt .22 LR (LR) 16.12 1 Synthet,$145.00
Smith & Wesson 11705 M&P 45 Shield *MA Compliant* Double Action,$432.00
"CVA CR5432 Hunter Break Open 450 Bushmaster 25"" 1 Synthetic Bla",$228.00
Savage 110 HOG HNTR 308 WIN,$445.00
"Smith & Wesson M63 8RD .22 LR 3""",$680.00
"Smith & Wesson M642CT 5RD 38SP +P 1.87"" W/ CRIMSON TRACE",$618.00
"TAYLORS & CO. INC. 5000DE 1873 Gunfighter Deluxe .357 MAG 5.5"" ",$605.00
"Remington V3 SPORT 12 GA 26"" 3IN RC2 Walnut",$745.00
"Ruger American 6.5CR GO WILD 22"" Threaded Barrel",$527.00
Savage 22903 MSR10 Hunter Semi-Automatic 6.5 CRD 18 20+1 Alumin,"$1,234.00"
Mossberg Silver Reserve Combos Break Open 12 & 20,$918.00
Winchester 535205138 70 Alaskan Bolt 375 Holland & Holl,"$1,175.00"
Savage 93FVSR .22 MAG HB Threaded Barrel RAIL,$275.00
Smith & Wesson M986 PERF CENTER 9MM 5 STAINLESS,"$1,086.00"
"CZ-USA Redhead PREM TGT 12 GA 30"" MC5","$1,239.00"
Browning AB3 HNT 308,$599.99
Springfield Armory 911 .380 ACP Black 2.7 Green LASER,$655.00
Remington 700 SPS TAC 6.5CREED 22 HVY TAN BBL Black Stock,$701.00
"Remington VERSA MAX Sportsman 12 GA 28"" PB Black",$845.00
Savage MKII XP .22 LR W/SCOPE,$254.00
Smith & Wesson 11704 M&P 45 Shield *MA Compliant* Double Action,$432.00
Rock Island Armory 51108 M22 TCM Bolt 22 TCM 22.75 5+1 Wood Sto,$362.00
Browning T-Bolt .22 LR Target/Varminter,$649.99
"Browning 051428490 Buck Mark Plus UDX 10+1 .22 LR 5.5""",$469.99
"North American Arms (NAA) NAA-BWL Black Widow 5RD .22 LR 2""",$282.00
Walther Arms PPQ M2 Double Action 9mm 5 15+1 Black Polymer Grip,$634.00
"Browning 051802490 1911-22 A1 10+1 .22 LR 4.25""",$549.99
Ruger KSRH2480 SRDHWK 480RUG 2.5 Stainless Steel,$978.00
"Browning Buckmark 22 MICRO BULL 4"" Black",$325.00
"Cimarron Pistolero .45 LC 4 5/8"" 6 Round Walnut Grip",$415.00
Remington RM380 MICRO .380 ACP 2.9 6RD BLUE,$346.00
"Taurus Raging Hunter .44 MAG 8 3/8"" Black/Stainless",$761.00
Lee Enfield Ishapore Number 1 Mark III rifle (SMLE) Short Magaz,$249.99
Ruger Mark IV .22 LR (LR) 4.4 10+1 Black Polymer Grip Black,$482.00
"Ruger 0308 Blackhawk Convertible 6RD 357MAG/9mm 4.62""",$630.00
Ruger SP101 Standard Single/Double Action 9mm 2.25,$604.00
Thompson/Center Arms P/H Rifle FRAME,$360.00
"Cimarron CA850 Model 3 Schofield 6RD .45 LC 7""",$990.00
A. Uberti Firearms 1873 Cattleman II .45 LC,$467.00
Remington Action 700 Short Action Carbon Steel .308WIN,$371.00
Rossi USA 20GA. YOUTH 22 MODIFIED,$147.00
"Savage 42 Takedown 22WMR/410 20"" Black ",$421.00
Remington Firearms 85888 783 with Scope Bolt .30-06 Springfield,$562.00
HENRY SINGLESHOT .308 Winchester,$410.00
"Smith & Wesson M629 6RD 44MAG/44SP 4""",$824.00
Savage 57277 Axis XP with Scope Bolt 6.5 CRD 22 4+1 Synthetic M,$411.00
STEVENS 555E O/U 16GA 28 MC5 SILVER ENGRAVED/WALNUT,$678.00
Sig Sauer 9389SPARTANI P938 Micro-Compact Spartan II 9mm Single,$699.99
TAYLORS & CO. INC. 555161 Devil Anse Revolver Single .45 LC 4.7,$508.00
Browning 035475282 X-Bolt Hells Canyon Speed Suppressor Ready B,"$1,046.00"
"Smith & Wesson Performance Center Shield M2.0 .40 S&W 4"" FO Sig",$493.00
"Benelli 20071 Nova 4+1 3.5"" 12 GA 28""",$499.00
"STOEGER M3500 12GA 26"" Max 5 Camo",$699.00
"Kimber K6s Classic Engraved .357 Mag 2"" 6rd","$1,198.00"
Stoeger Waterfowl Semi-Auto Shotgun 12 ga. 28 in. 3.5 in. Chamb,$799.00
"Benelli SBE III 12 GA 28"" Sitka Optifade Timber, Comfortech 3","$1,799.00"
"A. Uberti Firearms 1873 Cattleman 12 Round Revolver 356187, .22",$477.00
CZ CUSTOM SP-01 9MM HAMMER TRIGGER GUIDE ROD,"$1,101.00"
Magnum Research M380 .380 ACP 3 7RD BLK/GOLD,$781.00
TAURUS 1911 .45 ACP 4.25 STARS/STRIPE,$585.00
Smith & Wesson M&P 2.0 .40 S&W 5 15RD Black NMS,$596.00
"Savage 22165 Stevens 555 O/U 12 GA 28""",$536.00
"Henry Repeating Arms Big Boy 44 Mag /44 Special 16.5"" 7R",$820.00
Ruger American Rifle with GO WILD Camo 450 Bushmaster 3-Rd,$527.00
CI CZECH CZ-82 9X18MM 2-12RD,$456.00
FC VIPER M3D GLOCK 19 9MM 21RD Black,$939.00
Henry Lever Action Sidegate 38-55 Brass,$810.00
Henry Repeating Arms LVR SIDE GATE 35REM Walnut,$830.00
Remington ACTION 700 LA CARBON,$364.00
CZ-USA DRAKE 20 GA 28 CT5,$577.00
Remington R11 10mm Hunter Long Slide 6,$974.00
Springfield Armory PI9229L 1911 Single 9mm 4 9+1 Black G10 Grip,$992.00
"Savage Stevens 555 Compact Over/Under Shotgun 20 GA 24\"" B",$560.00
North American Arms (NAA) SWC Sidewinder 22M/22LR Combo Single ,$418.00
Remington 700 ADL Package .30-06 Springfield Bolt Action Rif,$565.00
"Taurus 17SS6 Tracker 7RD .17 HMR 6.5""",$472.00
CRICKETT ..22 LR BL/BLUE Synthetic .22 LR,$139.00
"Ruger 0463 Blackhawk Convertible 6RD 45LC/45ACP 5.5""",$603.00
CZ-USA 1012 Semi-Automatic 12 GA 28 4+1 3 Turkish Walnut Stock ,$555.00
SHARPS BROS LLC SBLR07 Overthrow Stripped Lower AR-15 Multi-Cal,$258.95
"Smith & Wesson Performance Center Shield M2.0 .45 ACP 4"" Ported",$776.00
KEL-TEC CNC RDB-C 5.56 NATO 20 10RD CA Olive Drab Green,$862.00
Savage A17 .17 HMR TARGET TH LAM,$526.00
Stevens 301 SINGLE Round 12GA 26,$174.00
Chiappa Firearms 340250D SSA 1873 Dual Single 22 Winchester Mag,$161.00
CZ-USA CZ 455 Rustic Training Bolt .22 LR 24.8 5+1 Beechwood St,$361.00
"Smith & Wesson M329PD 6RD 44MAG/44SP 4""","$1,005.00"
Remington 700 SPS Tactical 308,$642.00
"Remington 700 5-R Gen 2 6.5 CRD 24"" 4+1 Synthetic HS",$987.00
Savage 308 24TB Black ACU 10,$638.00
Remington 700 MUZZLELOADER 50C - 4473 Required,$820.00
"Remington 25793 700 BDL 4+1 .30-06 Springfield 22"" 1:10""",$804.00
EUROPEAN AMERICAN ARMORY WITNESS PRO .45 ACP 4.5 MATCH BBL WOOD,$531.00
Winchester 1892 DLX .44 MAG BL/WD 24OCTGN,"$1,398.00"
"SAVAGE AXIS LH 6.5 CREED 22""",$308.00
"CZ 457 Varmint .22 WMR 20.5"" Turkish Walnut 5rd (02341)",$483.00
Remington Firearms 85777 783 with Scope Bolt 6.5 CRD 22 4+1 Syn,$402.00
Remington Firearms 85738 783 Varmint Bolt Bolt .243WIN 26 Lamin,$454.00
"Henry Long Ranger Lever 6.5 CRD 22"" 4+1 American Walnut Stock B",$829.00
Walther Arms PPQ Q5 MATCH SF 9MM 5 15+1,"$1,479.00"
MOS PATR 3006 22 FLT VTX WLN 5,$542.00
Savage 40207 64 Takedown Semi-Automatic .22 LR (LR) 16.5 10+1 ,$188.00
Colt King Cobra Carry 357Mag 2 6 Rd Stainless,$847.00
"CZ Bren 2 Ms Pistol 5.56mm 14""","$1,475.00"
HENRY BIG BOY STEEL .44MAG,$820.00
Ruger 6837 Gunsite Scout Bolt 450 Bushmaster 16.1 4+1 American ,$845.00
Henry 11 + 1 .17 HMR Lever Action w/Blued Barrel & American W,$530.00
Remington 700 SPS Tactical .223 Hogue Stock,$623.00
"Mossberg MVP Precision 6.5 CRD 24"" 10+1 Luth-AR Stock",$991.00
FN Herstal SCAR 20S 308/7.62 20 Flat Dark Earth 10+1 38996,"$3,999.00"
CZ DRAKE SOUTHPAW 12GA 28 LH (5) CHOKE TUBES,$581.00
Savage 57104 Axis II XP with Scope Bolt 6.5 CRD 22 4+1 Syntheti,$442.00
"Savage A17 .17 HMR SEMIAUTO 22"" Black",$394.00
Browning BUCKMARK MICRO FIELD TARGET .22 LR 4 BULL 2018,$336.00
Springfield Armory LOADED OPERATOR .45 ACP Black W/ RANGE BAG,"$1,184.00"
"Savage 110 Apex Hunter XP Bolt 6.5 CRD 24"" 4RD.",$527.00
Bergara Rifles B14S352L B-14 HMR LH Bolt 6.5 CRD 22 5+1 Brown w,$969.99
"Savage 110 High Country .300 Win Mag 24""",$874.00
North American Arms (NAA) NAA-BWCA Black Widow 5RD 22LR/22MAG 2,$344.00
Ruger Precision 308 Win 10+1 Barrett Brown,"$1,348.00"
CVA SCOUT V2 TAKE-DOWN 450BUSH SS/BLK,$364.00
RUGER SR1911 10MM NIGHT SIGHTS,$938.00
GEMTECH GM-45 45ACP W/PIS .578-28,$516.00
CZ-USA CZ75B OMEGA 9mm GREY 10RD Night Sights,$616.00
Savage 111DOA XP 7MM REM BUSHNELL,$456.00
KRISS VECTOR SDP G2 9MM 5.5 Threaded Barrel Black ARM BRACE,"$1,499.00"
Remington 700 LH RECEIVER L/A MAGNUM,$449.00
Savage 28800 MKIIFVT .22 LR AT,$399.00
Savage 22155 555 Compact Over/Under 28 Gauge 24 2.75 Turkish Wa,$560.00
BERETTA T3X TAC A1 308 WIN,"$1,574.00"
"Smith & Wesson M27 CLASSIC 6RD 357MAG/38SP +P 6.5""",$956.00
A. Uberti Firearms 1873 Cat Bird Head 45 Colt Revolver 344691,$477.00
"Stoeger Uplander Youth Side by Side 20 GA 22\"" Shotgun 31130",$386.00
Uberti Firearms 1873 Cattleman New Model 45 Colt Polished Nicke,$558.00
Springfield Armory PC9610L18 1911 TRP Single 10mm 6 8+1 Dirty O,"$1,448.00"
"Ruger 0306 Blackhawk 6RD 357MAG/38SP 4.62""",$563.00
"Ruger 0319 Blackhawk 6RD 357MAG/38SP 6.5""",$671.00
Savage 111 TH XP 30-06 NIKON,$530.00
"S&W M&P45 M2.0 .45 ACP 4"" Compact NTS 3 mag",$460.00
SAVAGE AXIS II XP 308 22B Scope Flat Dark Earth,$408.00
A UBERTI 342720 1873 RIFLE .357 MAG 24.25 13RD,"$1,058.00"
KEL-TEC CNC SU-22 RIFLE .22 LR ,$350.00
Ruger BN44 BlackKHWK .45 LC 45/8 Black,$563.00
"CZ-USA 512 Semi-Automatic .22 LR 20.6"" Hardwood Blu",$428.00
"Smith & Wesson M460XVR 5RD 460Smith & Wesson 14"" PERFORMANCE CE","$1,398.00"
"Taylors&Co 0394 Cattleman 1873 .44 MAG 6"" 6 Walnut Grips B",$504.00
Savage 11 TH XP 308 Lefthand NIKON,$581.00
Ruger GP100 10MM/40S&W Blue 5IN Half Lug 6RD,$735.00
"Ruger American Predator Rifle .350 Legend 20"" Threaded w/Brake",$477.00
Stoeger Condor 12 GA 26 ST,$386.00
"Sig MCX Rattler SBR 300 Blk 30+1 5.5"" Barrel","$1,849.00"
Henry H009BWL Big Boy Special Wildlife Brass Lever 30-30 Winche,"$1,021.00"
CZ-USA 455 VAR EVO .22 LR COYOTE LAM,$456.00
TRI-STAR SPORTING ARMS Viper G2 Sporting Semi-Automatic 12 GA 3,$525.00
"Browning Buckmark 22 Field Super 5.5"" RSW",$529.99
Tikka T3X LITE .308 Winchester Synthetic,$593.00
Smith & Wesson 10227 986 Performance Center Single/Double Actio,$979.00
Remington 700 MAGPUL 308 Winchester 22 DM,$945.00
Springfield Armory MA9226 M1A 308 Synthetic Black LOADED,"$1,544.00"
BRZ ROSSI M92C .45 LC 16SS RND,$524.00
"Smith & Wesson M&P340 5RD 357MAG/38SP +P 1.87""",$775.00
Remington Firearms 85447 700 ADL with Scope Bolt 6.5 CRD 24 4+1,$475.00
MOSSBERG PATRIOT SUPER BANTAM COMBO 243 WIN,$382.00
Savage 47215 A22 Target .22 LR (LR) 22 10+1 Laminate Thumbhole,$391.00
Bergara Rifles B14LM501 B-14 Ridge Bolt 300 Winchester Magnum 2,$749.99
North American Arms (NAA) NAA-1860-4C The Earl 5RD 22LR/22MAG 4,$321.00
"Ruger 0804 Super Blackhawk 6RD .44 MAG 7.5""",$689.00
Savage 116BH 338 WIN,$671.00
"Smith & Wesson SW1911 TA E-SERIES 8+1 .45 ACP 5""","$1,207.00"
Weatherby VGS308NR4O Vanguard S2 Stainless Steel Bolt 308 Win 2,$611.00
"Bond Arms BAM357/38 Girl Mini 2RD 357MAG/38SP 2.5""",$465.00
"Winchester 535202228 M70 Sporter Bolt .30-06 Springfield 24"" 5+",$842.00
Taylors 702A 1873 S.A. Cattleman New Frame Model 45 Colt (LC,$476.00
Ruger AMER-RFC .17 HMR CMPTB BLK/SYN,$332.00
MOSS 27840*PATRIOT 20 243 Y Scope Synthetic,$355.00
Mossberg PATRIOT 22 300 Scope Synthetic,$438.00
"Cimarron MP401 Model P 6RD .357 MAG 5.5""",$491.00
Heritage Manufacturing .22 LR 4.75 CH 6RD W/COCOBOL,$148.00
SAVAGE 110 APEX HUNTER XP .243,$527.00
"Cobra Classic Derringer 22LR Pistol 2.4"" Barrel 2 Rounds Chrome",$164.00
SAVAGE AXIS YOUTH LH .243 20,$308.00
"CZ 457 Varmint Precision Trainer .22 LR 24.8"" Manners (02356)",$993.00
"Smith & Wesson LE Model 43C .22 LR 1 7/8"" No Lock QP ONLY",$567.00
"Stoeger M3000 Sporting 12GA 30\""",$599.00
KIMBER 9MM MICRO 9 CDP (LG),$955.00
Century Arms Canik TP9SFX 9MM 20+1 Black Viper,$670.00
"CZ 457 Pro Varmint .22 LR 16.5"" Threaded",$540.00
SAVAGE AXIS II YOUTH .243 20,$336.00
MOS MVP LR TR BA 223 20TB 10RD,$753.00
Springfield Armory PG9109T 911 .380 ACP (ACP) Single 2.7 6+,$562.00
Browning 035479282 X-Bolt Predator Hunter Bolt 6.5 CRD 22 5+1 S,$907.00
Pointer PAR41026Y Arista Youth Over/Under .410 GA 26 2 3.5 Turk,$444.00
"Smith & Wesson Performance Center Shield M2.0 .45 ACP 4"" FO Sig",$750.00
"Browning 012289305 BPS Field Composite Pump 12 GA 26"" 4+1 3"" Fi",$579.99
"ArmaLite A10SBF AR-10A SuperSASS SA 308 Win/7.62 20"" 20+1 Bl","$2,759.00"
STOEGER M3500 Synthetic 12/28,$599.00
"North American Arms (NAA) NAA-BWMA Black Widow 5RD .22 MAG 2""",$311.00
"Colt O4840WC Wiley Clapp 8+1 .45 ACP 4.25"" TALO EXCLUSIVE","$1,215.00"
"Heritage Manufacturing ROUGH RIDER 22LR/22MAG 4.75"" SATIN BLACK",$252.00
"Mossberg 930 Turkey 12 GA 24"" Mossy Oak Obsession PG Stock 3"" 4",$573.00
CZ-USA CZ455 American COMBO 17HMR/22LR,$456.00
KIMBER K6S .357 MAG CDP,"$1,078.00"
"Stoeger 3000 Semi-Auto Shotgun 12 GA 28"" 3"" Chmbr Walnut Stock ",$599.00
CIMARRON MAN W/NO NAME .45 LC,$642.00
1873 DLX CCH .45 LC GR5 24 ,"$1,477.00"
Savage BMAG .17 WSM Black HVY BBlack,$344.00
Ruger AMERICAN 270 VORTEX Scope Black,$528.00
Mossberg 27874 Patriot Synthetic Bolt 308 Winchester 22 4+1 Syn,$375.00
Savage 28700 MKIIFV .22 LR AT HB,$230.00
"Savage MSR10 Long Range Semi-Automatic .308 Win. 20"" Magpul PRS","$1,848.00"
"Smith & Wesson M41 10+1 .22 LR 5.5""","$1,175.00"
Springfield Armory MA9102 M1A STD 308 Walnut Black,"$1,494.00"
North American Arms (NAA) SW Sidewinder .22 MAG Single 1.5 5 R,$338.00
"Smith & Wesson M&P45 SHIELD 3.3"" PERFORMANCE CENTER",$671.00
Remington 700 SPS 6.5 CRD,$551.00
"Walther PPQ Q4 Steel Frame 4"" 9mm","$1,259.00"
Kimber 2020 Shot Show Stainless LW .45ACP 8+1,$637.00
Savage MKIIBV .22 LR AT HB LAM,$299.00
"Ruger 0505 Blackhawk 6RD 30CARB 7.5""",$563.00
"Ruger 0811 Super Blackhawk 6RD .44 MAG 5.5""",$689.00
"CZ-USA CZ455 Bolt .22 MAG 20.6"" Walnut Blue",$380.00
Savage BMAG .17 WSM STAINLESS,$347.00
"S&W M&P9 M2.0 9mm Compact 3.6"" Night Sights 15rd",$460.00
Remington ACTION 700 SA CARBON 223,$334.00
Bergara Rifles B14S351 B-14 HMR Bolt 7.62 NATO/.308 WIN NATO 20,$949.99
New Vaquero Stainless 5105 45 Colt 6RD Hardwood Stainless Steel,$689.00
"HENRY SINGLESHOT .44 MAG h01544 22""",$407.00
"A. Uberti Firearms 1873 Desperado .45 LC 5 1/2""",$708.00
Ruger GP100 .357 MAG 5.5,"$1,163.00"
Taurus R/HUNTER 357 REV 5.125 B/S,$703.00
Cimarron 1862 Pocket Conv .380ACP,$490.00
"Ruger American Predator Rifle 350 Legend 16"" Dark Earth w/Brake",$504.00
"Ruger Precision 6.5 Creed US Flag 24""","$1,359.00"
RUGER 10/22 GRT WHT .22 LR 10RD TL,$358.00
Ruger SUPER BLKHK HUNTER .45 LC BISLEY,$778.00
Savage Arms 110 TACTICAL 6.5CR Synthetic 24 LH,$630.00
Savage Axis II 6.5 Creed Mossy Oak Bottomland,$341.00
"Ruger 31142 10/22 Semi Auto Rifle, 22 LR, 20"" Target BBL, Stain",$563.00
Browning BM PLS MIC BULL .22 LR SR 10,$401.00
Browning BPS FIELD 28/26 BL/WD 2.75,$649.00
SAVAGE AXIS II PREC 308 22B Threaded Barrel,$765.00
SAVAGE RENEGAUGE FLD SA 12M/26MC,"$1,142.00"
Thompson/Center Arms Blue Pro Hunter Pistol Frame w/Rubber G,$370.00
"Marlin .357 MAG 20"" OCTAGON BBL COWBOY",$932.00
Ruger SUPER REDHAWK 10MM 6.5 Stainless Steel RUBBER/WOOD ,$809.00
Mossberg 28017 MVP LC Bolt 7.62 NATO/.308 WIN NATO 18.5 10+1 Ma,$808.00
Savage 93 .22 MAG BOLT GATOR CAMO,$296.00
HENRY H012C BIG BOY STEEL .45 LC,$697.00
"Smith & Wesson M27 CLASSIC 6RD 357MAG/38SP +P 4""",$923.00
"Smith & Wesson M586 CLASSIC 6RD 357MAG/38SP +P 4""",$803.00
North American Arms (NAA) Ranger II Convertible .22LR/.22 Mag 1,$456.00
Browning BUCKMARK MEDALLION .22 LR 5.5 SLABSIDED 2018,$449.99
KIMBER 9MM MICRO 9 TWO-TONE TFX PRO,$622.00
HOWA MINI ACTION 6.5GREN 20 BLACK,$525.00
"Ruger Mark IV 70th Anniversary .22 LR 4.75"" Black 10+1",$423.00
RUGER PRECISION 300PRC 26 Black 5RD,"$1,628.00"
RUGER BLACKHAWK (CARRYHAWK),$781.00
 ROSSI SNGSHT TURK 410/26OD,$171.00
"Savage 110 Ultralite 6.5PRC 22""","$1,235.00"
"Remington 783 .30-06 Sprg. 22"" Mossy Oak Break Up w/Scope 4+1",$403.00
"Mossberg Patriot Synthetic 6.5 CRD 22"" Threaded Barrel Fluted, ",$358.00
Savage 45100 64FVXP .22 LR W/SCP,$230.00
Savage 93R17GV .17 HMR AT HB WOOD,$257.00
Tikka T3X LITE COMPACT 6.5CREED 20,$617.00
Smith & Wesson M&P9 M2.0 COMPACT 4 NTS Green LASERGUARD,$652.00
"RUGER GUNSITE SCOUT 450BM Stainless Steel 16\"" MB 6838 | MUZZLE",$800.00
"Auto Ordnance - M1 Carbine Vengeance, 30 cal, 18\"", Blade Fro",$993.00
Springfield Armory 1911 10MM RO ELITE OPERATOR,$989.00
Savage 40210 64 Takedown Semi-Automatic .22 LR (LR) 16.5 10+1 ,$207.00
Remington Firearms 84049 700 NRA American Hunter Bolt 6.5 CRD 2,"$1,061.00"
Bond Arms BAJW9MM Wicked 9mm (+45/410 Barrel) 4.25 2 Round ,$588.00
"STOEGER UPLANDER 20 GA W/28"" BARRELS",$386.00
Smith & Wesson LE 442 38 SPECIAL NO LOCK,$400.00
"Stoeger M3000 Satin Walnut 12GA 28\"" Shotgun 31843",$549.00
"A. Uberti Firearms 1873 Cattleman II New Model, .45 Colt, 4.75""",$466.00
"Uberti 1851 Navy Model Revolver U341359, 38 Special, 5.5\"", W",$477.00
"Uberti 1873 Cattleman II New Model, .357 Mag, 7.5\"", Brass Li",$450.00
Ruger REDHAWK 10MM 7.5 Stainless Steel 6RD,$799.00
CHA MESA BA 6.5PRC 24B BB,"$1,176.00"
MOSSBERG PATRIOT RIFLE 6.5 CRD,$371.00
North American Arms (NAA) NAA-22MC-TW The Wasp 5RD 22LR/22MAG 1,$302.00
"CZ-USA Hammer Classic Side by Side 12 GA 30\"" 3\"" Turkish Wal",$883.00
"CZ Bren 2 Ms Pistol 7.62x39mm 11""","$1,627.00"
CZ-USA 1012 Semi-Automatic 12 GA 28 4+1 3 Mossy Oak Blades Synt,$584.00
Ruger 8368 American Rimfire Target Bolt .22 MAG 18,$452.00
Stoeger Semi-Auto 3in. 20 GA MOB 26in. 4+1,$549.00
KIMBER K6S .357 MAG DCR REVOLVER,"$1,005.00"
CIMARRON PISTOLERO .45 LC,$478.00
CIMARRON TEXAS RANGERS .45 LC,$698.00
CZ-USA CZ455 TRAINING .17 HMR,$348.00
Ruger Silent-SR 22LR/22WMR/17HMR Suppressor,$327.00
Remington 200TH YEAR ANV 7600 3006,"$1,100.00"
Savage AXIS II XP 270 Hardwood WEAVER,$430.00
Savage AXIS II XP 3006 Hardwood,$493.00
"Ruger 5106 Vaquero 6RD 357MAG/38SP 5.5""",$659.00
"Weatherby Vanguard Camilla 308 Win 20\"" 5rds Fleur-De-Lis",$655.00
